{"cameraMode":{"drawMode":0,"name":"Shaded","section":"Shading Mode"},"sceneLighting":false,"audioPlay":false,"sceneViewState":{"m_AlwaysRefresh":false,"showFog":true,"showSkybox":false,"showFlares":true,"showImageEffects":true,"showParticleSystems":true,"showVisualEffectGraphs":true,"m_FxEnabled":true},"in2DMode":false,"pivot":{"x":0.0032999515533447267,"y":0.7070000171661377,"z":-3.055999994277954},"rotation":{"x":0.10615702718496323,"y":-0.6626046299934387,"z":0.09567286819219589,"w":0.735213041305542},"size":2.4506890773773195,"orthographic":false}