{"cameraMode":{"drawMode":0,"name":"Shaded","section":"Shading Mode"},"sceneLighting":false,"audioPlay":false,"sceneViewState":{"m_AlwaysRefresh":false,"showFog":true,"showSkybox":false,"showFlares":true,"showImageEffects":true,"showParticleSystems":true,"showVisualEffectGraphs":true,"m_FxEnabled":true},"in2DMode":false,"pivot":{"x":-0.45730650424957278,"y":-0.16405057907104493,"z":40.00730895996094},"rotation":{"x":0.18014702200889588,"y":-0.06192421540617943,"z":0.011364300735294819,"w":0.9816226959228516},"size":2.257009506225586,"orthographic":false}