{"cameraMode":{"drawMode":0,"name":"Shaded","section":"Shading Mode"},"sceneLighting":false,"audioPlay":false,"sceneViewState":{"m_AlwaysRefresh":false,"showFog":true,"showSkybox":false,"showFlares":true,"showImageEffects":true,"showParticleSystems":true,"showVisualEffectGraphs":true,"m_FxEnabled":true},"in2DMode":false,"pivot":{"x":0.0032999515533447267,"y":5.860000133514404,"z":-10.653800010681153},"rotation":{"x":0.14900745451450349,"y":-0.7166202664375305,"z":0.16130252182483674,"w":0.661994993686676},"size":2.4506890773773195,"orthographic":false}